{
  "main": {
    "id": "ff6295acbaf2e79e",
    "type": "split",
    "children": [
      {
        "id": "2618f4a6cf48d63d",
        "type": "tabs",
        "children": [
          {
            "id": "7dc82edea5117dc4",
            "type": "leaf",
            "state": {
              "type": "canvas",
              "state": {
                "file": "Untitled.canvas",
                "viewState": {
                  "x": 0,
                  "y": 0,
                  "zoom": 0,
                  "snapToGrid": false
                }
              }
            }
          }
        ]
      }
    ],
    "direction": "vertical"
  },
  "left": {
    "id": "199dd60430c48731",
    "type": "split",
    "children": [
      {
        "id": "ba0a1923eb40aebc",
        "type": "tabs",
        "children": [
          {
            "id": "86d32aaf6d19f994",
            "type": "leaf",
            "state": {
              "type": "file-explorer",
              "state": {
                "sortOrder": "alphabetical"
              }
            }
          },
          {
            "id": "4dfc083636921251",
            "type": "leaf",
            "state": {
              "type": "search",
              "state": {
                "query": "",
                "matchingCase": false,
                "explainSearch": false,
                "collapseAll": false,
                "extraContext": false,
                "sortOrder": "alphabetical"
              }
            }
          },
          {
            "id": "a971b2444229021c",
            "type": "leaf",
            "state": {
              "type": "starred",
              "state": {}
            }
          }
        ]
      }
    ],
    "direction": "horizontal",
    "width": 300
  },
  "right": {
    "id": "37047ecea737087d",
    "type": "split",
    "children": [
      {
        "id": "4da9c18e611295ae",
        "type": "tabs",
        "children": [
          {
            "id": "6c5ae2a0650af2ea",
            "type": "leaf",
            "state": {
              "type": "backlink",
              "state": {
                "file": "Untitled.canvas",
                "collapseAll": false,
                "extraContext": false,
                "sortOrder": "alphabetical",
                "showSearch": false,
                "searchQuery": "",
                "backlinkCollapsed": false,
                "unlinkedCollapsed": true
              }
            }
          },
          {
            "id": "c81c02a4f056cb29",
            "type": "leaf",
            "state": {
              "type": "outgoing-link",
              "state": {
                "file": "Untitled.canvas",
                "linksCollapsed": false,
                "unlinkedCollapsed": true
              }
            }
          },
          {
            "id": "954a2b124c33b828",
            "type": "leaf",
            "state": {
              "type": "tag",
              "state": {
                "sortOrder": "frequency",
                "useHierarchy": true
              }
            }
          },
          {
            "id": "eba614ac2fdac2e8",
            "type": "leaf",
            "state": {
              "type": "outline",
              "state": {
                "file": "Untitled.canvas"
              }
            }
          }
        ]
      }
    ],
    "direction": "horizontal",
    "width": 300,
    "collapsed": true
  },
  "left-ribbon": {
    "hiddenItems": {
      "switcher:Open quick switcher": false,
      "graph:Open graph view": false,
      "canvas:Create new canvas": false,
      "daily-notes:Open today's daily note": false,
      "templates:Insert template": false,
      "command-palette:Open command palette": false
    }
  },
  "active": "7dc82edea5117dc4",
  "lastOpenFiles": [
    "Untitled.md",
    "Untitled.canvas"
  ]
}