"Task ID","Task Name","Assignee","Team (drop down)","Due Date","Priority","Time Estimate","Points Estimate","Tickets Closed (number)"
"8669cqjgv","Task 6","[]","HR","Sunday, January 15th 2023, 4:00:00 am -08:00","LOW","18h",13,6
"8669cqjgt","Task 1","[]","Sales","Monday, January 16th 2023, 4:00:00 am -08:00","URGENT","16h",2,10
"8669cqjgf","Task 2","[]","IT","Tuesday, January 24th 2023, 4:00:00 am -08:00","HIGH","18h",3,2
"8669cqjgn","Task 3","[]","Sales","Wednesday, January 18th 2023, 4:00:00 am -08:00","NORMAL","10h",1,15
"8669cqjgk","Task 4","[]","Development","Friday, January 20th 2023, 4:00:00 am -08:00","none","12h",8,7
"8669cqjgc","Task 7","[]","IT","Tuesday, January 24th 2023, 4:00:00 am -08:00","HIGH","15h",2,16
"8669cqjgh","Task 10","[]","Design","Saturday, January 21st 2023, 4:00:00 am -08:00","none","",,""
"8669cqjga","Task 5","[]","Copywriting","Tuesday, January 24th 2023, 4:00:00 am -08:00","URGENT","6h",5,8